FastAPI with SQL,FastAPI with NoSQL,FastAPI with Graph,Flask with SQL,Flask with NoSQL,Flask with Graph,Express with SQL,Express with NoSQL,Express with Graph
0.006482305526733398,0.004875178337097168,0.0026265764236450195,0.007717165946960449,0.003732194900512695,0.004343643188476563,0.006222863197326661,0.0047836112976074215,0.0029765272140502928
0.013550553321838379,0.017351627349853516,0.012619538307189941,0.004608101844787597,0.0038087940216064453,0.003186783790588379,0.007136249542236328,0.0066361665725708004,0.007357983589172363
0.01449791431427002,0.00493070125579834,0.002931523323059082,0.003537702560424805,0.0037247705459594726,0.002693004608154297,0.006778864860534668,0.003769865036010742,0.0031673097610473632
0.014301581382751465,0.017996182441711427,0.012364678382873535,0.003819708824157715,0.0034602975845336916,0.0027825212478637695,0.006252484321594238,0.0061149406433105465,0.00489656925201416
0.007824217081069946,0.006696863174438477,0.003793799877166748,0.037565046548843385,0.026297903060913085,0.022080942392349243,0.005142511129379273,0.0043572640419006345,0.0032274270057678226
0.025166343450546264,0.017132006883621216,0.006409809589385987,0.18395467162132262,0.12586100220680235,0.11233473420143128,0.014384932518005373,0.01150964379310608,0.004943685531616211
