FastAPI with SQL,FastAPI with NoSQL,FastAPI with Graph,Flask with SQL,Flask with NoSQL,Flask with Graph,Express with SQL,Express with NoSQL,Express with Graph
32.1651561214711,42.17056700726389,500.7016036316086,36.382761357874415,212.18931521651353,239.44016584971956,19.335985098099464,20.462517946673717,546.0816498177749
0.00644498348236084,0.005529956817626953,0.003549647331237793,0.008544254302978515,0.005004181861877442,0.003608493804931641,0.009072303771972656,0.0067701244354248045,0.004257106781005859
0.013632974624633788,0.016239900588989258,0.011900496482849122,0.005619635581970215,0.005017728805541992,0.004702062606811524,0.012395224571228027,0.00868577003479004,0.010237083435058594
0.018351454734802247,0.005999994277954101,0.004616827964782715,0.005628237724304199,0.006418547630310059,0.004389362335205078,0.01030928611755371,0.006923213005065918,0.005078516006469727
0.017318787574768065,0.020794448852539064,0.014458913803100586,0.004762234687805175,0.005010766983032227,0.004123096466064453,0.010795612335205079,0.008229641914367676,0.008372788429260253
0.00842378854751587,0.00686666488647461,0.004946441650390625,0.039130316972732546,0.027823996543884278,0.024215407371520996,0.008076924085617066,0.005706640481948853,0.004812852144241333
0.024361026287078858,0.017447960376739503,0.007890468835830689,0.1842121148109436,0.12760510563850402,0.10946122646331788,0.014764693975448608,0.011751163005828857,0.005215686559677125
